path,url
/,https://dev.mydestinate.com/
/listings/,https://dev.mydestinate.com/listings/
/location/artists-palate/,https://dev.mydestinate.com/location/artists-palate/
/page/about-destinate/,https://dev.mydestinate.com/page/about-destinate/
/location/blue-collar-brewery/,https://dev.mydestinate.com/location/blue-collar-brewery/
/location/crave-restaurant-lounge/,https://dev.mydestinate.com/location/crave-restaurant-lounge/
/location/kitchen-sink-food-drink/,https://dev.mydestinate.com/location/kitchen-sink-food-drink/
/location/vergennes-laundry/,https://dev.mydestinate.com/location/vergennes-laundry/
/location/lolas-cafe-catering/,https://dev.mydestinate.com/location/lolas-cafe-catering/
/location/mill-house-brewing-co./,https://dev.mydestinate.com/location/mill-house-brewing-co./
/location/park-squeeze/,https://dev.mydestinate.com/location/park-squeeze/
/location/pizzeria-verita/,https://dev.mydestinate.com/location/pizzeria-verita/
/location/ristorante-caterina-demedici/,https://dev.mydestinate.com/location/ristorante-caterina-demedici/
/location/terrapin-restaurant/,https://dev.mydestinate.com/location/terrapin-restaurant/
/location/joe-willys-fish-shack/,https://dev.mydestinate.com/location/joe-willys-fish-shack/
/location/homespun-foods/,https://dev.mydestinate.com/location/homespun-foods/
/location/brasserie-292/,https://dev.mydestinate.com/location/brasserie-292/
/location/the-twisted-oak/,https://dev.mydestinate.com/location/the-twisted-oak/
/location/the-village-tea-room/,https://dev.mydestinate.com/location/the-village-tea-room/
/location/the-bocuse/,https://dev.mydestinate.com/location/the-bocuse/
/location/burger-21/,https://dev.mydestinate.com/location/burger-21/
/location/cosmios-on-union/,https://dev.mydestinate.com/location/cosmios-on-union/
/location/dinosaur-bbq/,https://dev.mydestinate.com/location/dinosaur-bbq/
/location/fire-ice/,https://dev.mydestinate.com/location/fire-ice/
/location/historic-grounds/,https://dev.mydestinate.com/location/historic-grounds/
/location/innovo-kitchen/,https://dev.mydestinate.com/location/innovo-kitchen/
/location/main-course-restaurant/,https://dev.mydestinate.com/location/main-course-restaurant/
/location/miss-lucys-kitchen/,https://dev.mydestinate.com/location/miss-lucys-kitchen/
/location/one-caroline/,https://dev.mydestinate.com/location/one-caroline/
/location/pjs-bar-b-qsa/,https://dev.mydestinate.com/location/pjs-bar-b-qsa/
/location/roots-the-restaurant/,https://dev.mydestinate.com/location/roots-the-restaurant/
/location/rosendale-cafe/,https://dev.mydestinate.com/location/rosendale-cafe/
/location/rosies/,https://dev.mydestinate.com/location/rosies/
/location/rustic-roots/,https://dev.mydestinate.com/location/rustic-roots/
/location/steves-place/,https://dev.mydestinate.com/location/steves-place/
/location/the-big-cheese/,https://dev.mydestinate.com/location/the-big-cheese/
/location/the-mason-jar/,https://dev.mydestinate.com/location/the-mason-jar/
/location/the-roost/,https://dev.mydestinate.com/location/the-roost/
/location/tjs-cafe/,https://dev.mydestinate.com/location/tjs-cafe/
/location/american-flatbread/,https://dev.mydestinate.com/location/american-flatbread/
/location/apple-pie-bakery-cafe/,https://dev.mydestinate.com/location/apple-pie-bakery-cafe/
/location/boitsons/,https://dev.mydestinate.com/location/boitsons/
/location/coopers-cave-ale-company/,https://dev.mydestinate.com/location/coopers-cave-ale-company/
/location/essies-restaurant/,https://dev.mydestinate.com/location/essies-restaurant/
/location/farmhouse-tap-and-grill/,https://dev.mydestinate.com/location/farmhouse-tap-and-grill/
/location/hatties-chicken-shack/,https://dev.mydestinate.com/location/hatties-chicken-shack/
/location/poppys-burgers/,https://dev.mydestinate.com/location/poppys-burgers/
/location/american-bounty-restaurant/,https://dev.mydestinate.com/location/american-bounty-restaurant/
/location/boca-kitchen-bar-market/,https://dev.mydestinate.com/location/boca-kitchen-bar-market/
/location/papa-joes/,https://dev.mydestinate.com/location/papa-joes/
/location/lunch-on-limoges/,https://dev.mydestinate.com/location/lunch-on-limoges/
/location/patio850/,https://dev.mydestinate.com/location/patio850/
/location/olde-world-restaurant/,https://dev.mydestinate.com/location/olde-world-restaurant/
/location/satchels-pizza/,https://dev.mydestinate.com/location/satchels-pizza/
/location/florida-cracker-kitchen/,https://dev.mydestinate.com/location/florida-cracker-kitchen/
/location/black-brew-coffee-house-bistro/,https://dev.mydestinate.com/location/black-brew-coffee-house-bistro/
/location/posto-9/,https://dev.mydestinate.com/location/posto-9/
/location/hollerbachs-willow-tree-cafe/,https://dev.mydestinate.com/location/hollerbachs-willow-tree-cafe/
/location/tia-coris-tacos/,https://dev.mydestinate.com/location/tia-coris-tacos/
/location/cooshs-bayou-rouge-restaurant/,https://dev.mydestinate.com/location/cooshs-bayou-rouge-restaurant/
/location/lofty-pursuits/,https://dev.mydestinate.com/location/lofty-pursuits/
/location/riccardos/,https://dev.mydestinate.com/location/riccardos/
/location/midtown-caboose/,https://dev.mydestinate.com/location/midtown-caboose/
/location/andrews-capital-grill-bar/,https://dev.mydestinate.com/location/andrews-capital-grill-bar/
/location/south-beach-grill/,https://dev.mydestinate.com/location/south-beach-grill/
/location/old-castle-restaurant/,https://dev.mydestinate.com/location/old-castle-restaurant/
/location/skys-pizza-pie/,https://dev.mydestinate.com/location/skys-pizza-pie/
/location/old-city-house-inn-restaurant/,https://dev.mydestinate.com/location/old-city-house-inn-restaurant/
/location/pearl-country-store/,https://dev.mydestinate.com/location/pearl-country-store/
/location/flagler-fish-company/,https://dev.mydestinate.com/location/flagler-fish-company/
/location/black-bean-cafe/,https://dev.mydestinate.com/location/black-bean-cafe/
/location/kingfish-grill/,https://dev.mydestinate.com/location/kingfish-grill/
/location/raintree-restaurant/,https://dev.mydestinate.com/location/raintree-restaurant/
/location/leonardos-706/,https://dev.mydestinate.com/location/leonardos-706/
/location/sals-italian-deli/,https://dev.mydestinate.com/location/sals-italian-deli/
/location/marion-street-bistro-and-brewhouse/,https://dev.mydestinate.com/location/marion-street-bistro-and-brewhouse/
/location/daily-green/,https://dev.mydestinate.com/location/daily-green/
/location/stellas-the-modern-pantry/,https://dev.mydestinate.com/location/stellas-the-modern-pantry/
/location/the-ivy-house/,https://dev.mydestinate.com/location/the-ivy-house/
/location/dancing-avocado-kitchen/,https://dev.mydestinate.com/location/dancing-avocado-kitchen/
/location/kale-cafe-juice-bar/,https://dev.mydestinate.com/location/kale-cafe-juice-bar/
/location/wahoos/,https://dev.mydestinate.com/location/wahoos/
/location/moms-and-dads-italian-restaurant/,https://dev.mydestinate.com/location/moms-and-dads-italian-restaurant/
/location/the-ravenous-pig-swine-sons/,https://dev.mydestinate.com/location/the-ravenous-pig-swine-sons/
/location/earls-kitchen-+-bar/,https://dev.mydestinate.com/location/earls-kitchen-+-bar/
/location/doghouse-and-the-soda-fountain/,https://dev.mydestinate.com/location/doghouse-and-the-soda-fountain/
/location/pig-floyds-urban-barbakoa/,https://dev.mydestinate.com/location/pig-floyds-urban-barbakoa/
/location/hash-house-a-go-go/,https://dev.mydestinate.com/location/hash-house-a-go-go/
/location/holler-dash-biscuit-house/,https://dev.mydestinate.com/location/holler-dash-biscuit-house/
/location/hunger-street-tacos/,https://dev.mydestinate.com/location/hunger-street-tacos/
/location/sofrito-latin-caf-/,https://dev.mydestinate.com/location/sofrito-latin-caf-/
/location/the-rusty-spoon/,https://dev.mydestinate.com/location/the-rusty-spoon/
/location/the-sanctum/,https://dev.mydestinate.com/location/the-sanctum/
/location/taco-dive/,https://dev.mydestinate.com/location/taco-dive/
/location/recovery-sports-grill/,https://dev.mydestinate.com/location/recovery-sports-grill/
/location/tr-fire-grill/,https://dev.mydestinate.com/location/tr-fire-grill/
/location/italian-grill/,https://dev.mydestinate.com/location/italian-grill/
/location/new-england-fish-market-and-restaurant/,https://dev.mydestinate.com/location/new-england-fish-market-and-restaurant/
/location/district-table-and-bar/,https://dev.mydestinate.com/location/district-table-and-bar/
/location/hokkaido-sushi-and-steakhouse/,https://dev.mydestinate.com/location/hokkaido-sushi-and-steakhouse/
/location/berry-fresh-caf-/,https://dev.mydestinate.com/location/berry-fresh-caf-/
/location/fresh-catch/,https://dev.mydestinate.com/location/fresh-catch/
/location/woodys-river-roo/,https://dev.mydestinate.com/location/woodys-river-roo/
/location/tin-fish-tradition/,https://dev.mydestinate.com/location/tin-fish-tradition/
/location/savvy-jacks-southern-gourmet/,https://dev.mydestinate.com/location/savvy-jacks-southern-gourmet/
/location/trust-me-bbq/,https://dev.mydestinate.com/location/trust-me-bbq/
/location/hickory-hollow-bar-b-que/,https://dev.mydestinate.com/location/hickory-hollow-bar-b-que/
/location/birds-aphrodisiac-oyster-shack/,https://dev.mydestinate.com/location/birds-aphrodisiac-oyster-shack/
/location/fernandez-the-bull/,https://dev.mydestinate.com/location/fernandez-the-bull/
/location/moura-bistro/,https://dev.mydestinate.com/location/moura-bistro/
/location/sakura-hawaiian-grill/,https://dev.mydestinate.com/location/sakura-hawaiian-grill/
/location/cracklin-jacks/,https://dev.mydestinate.com/location/cracklin-jacks/
/location/lima-restaurant-pisco-bar/,https://dev.mydestinate.com/location/lima-restaurant-pisco-bar/
/location/trackside-donuts-cafe/,https://dev.mydestinate.com/location/trackside-donuts-cafe/
/location/fords-garage/,https://dev.mydestinate.com/location/fords-garage/
/location/wallys-deli/,https://dev.mydestinate.com/location/wallys-deli/
/location/farmers-market-restaurant/,https://dev.mydestinate.com/location/farmers-market-restaurant/
/location/lawhons-grocery-meat/,https://dev.mydestinate.com/location/lawhons-grocery-meat/
/location/the-dog-house-and-more/,https://dev.mydestinate.com/location/the-dog-house-and-more/
/location/taco-pancho/,https://dev.mydestinate.com/location/taco-pancho/
/location/fat-katz-sports-bistro/,https://dev.mydestinate.com/location/fat-katz-sports-bistro/
/location/nanas-diner/,https://dev.mydestinate.com/location/nanas-diner/
/location/public-house/,https://dev.mydestinate.com/location/public-house/
/location/rhondas-deli/,https://dev.mydestinate.com/location/rhondas-deli/
/location/jasmine-thai/,https://dev.mydestinate.com/location/jasmine-thai/
/location/freds-market/,https://dev.mydestinate.com/location/freds-market/
/location/bentofu/,https://dev.mydestinate.com/location/bentofu/
/location/the-mix-grill/,https://dev.mydestinate.com/location/the-mix-grill/
/location/little-habana-cafe/,https://dev.mydestinate.com/location/little-habana-cafe/
/location/anna-maria-oyster-bar/,https://dev.mydestinate.com/location/anna-maria-oyster-bar/
/location/marsala-pizza-of-estero/,https://dev.mydestinate.com/location/marsala-pizza-of-estero/
/location/fancys-southern-caf-/,https://dev.mydestinate.com/location/fancys-southern-caf-/
/location/mucho-taco/,https://dev.mydestinate.com/location/mucho-taco/
/location/taco-bus/,https://dev.mydestinate.com/location/taco-bus/
/location/about-destinate/,https://dev.mydestinate.com/location/about-destinate/
/location/fat-point-brewing/,https://dev.mydestinate.com/location/fat-point-brewing/
/location/callaloo-caribbean-restaurant-bar/,https://dev.mydestinate.com/location/callaloo-caribbean-restaurant-bar/
/location/spankys-speakeasy-bar-grill/,https://dev.mydestinate.com/location/spankys-speakeasy-bar-grill/
/location/ozone-pizza-pub/,https://dev.mydestinate.com/location/ozone-pizza-pub/
/location/dollys-produce-patch/,https://dev.mydestinate.com/location/dollys-produce-patch/
/location/mays-alreem-usa-pita-house/,https://dev.mydestinate.com/location/mays-alreem-usa-pita-house/
/location/connors-steak-seafood/,https://dev.mydestinate.com/location/connors-steak-seafood/
/location/el-gaucho-inca/,https://dev.mydestinate.com/location/el-gaucho-inca/
/location/morrones-pizzeria/,https://dev.mydestinate.com/location/morrones-pizzeria/
/location/capt.-joey-pattis-seafood-restaurant/,https://dev.mydestinate.com/location/capt.-joey-pattis-seafood-restaurant/
/location/celtic-ray-public-house/,https://dev.mydestinate.com/location/celtic-ray-public-house/
/location/blackwater-bistro/,https://dev.mydestinate.com/location/blackwater-bistro/
/location/goat-lips-chew-brewhouse/,https://dev.mydestinate.com/location/goat-lips-chew-brewhouse/
/location/coffee-cup-restaurant/,https://dev.mydestinate.com/location/coffee-cup-restaurant/
/location/founaris-bros.-greek-restaurant/,https://dev.mydestinate.com/location/founaris-bros.-greek-restaurant/
/location/pot-roast-pinot/,https://dev.mydestinate.com/location/pot-roast-pinot/
/location/the-fish-house/,https://dev.mydestinate.com/location/the-fish-house/
/location/the-tuscan-oven/,https://dev.mydestinate.com/location/the-tuscan-oven/
/location/the-tin-cow/,https://dev.mydestinate.com/location/the-tin-cow/
/location/backwater/,https://dev.mydestinate.com/location/backwater/
/location/the-tin-cow/,https://dev.mydestinate.com/location/the-tin-cow/
/location/mcguires-irish-pub/,https://dev.mydestinate.com/location/mcguires-irish-pub/
/location/cibo-neighborhood-eatery/,https://dev.mydestinate.com/location/cibo-neighborhood-eatery/
/location/rustys-seafood-and-oyster-bar/,https://dev.mydestinate.com/location/rustys-seafood-and-oyster-bar/
/location/ossorio-bakery-cafe/,https://dev.mydestinate.com/location/ossorio-bakery-cafe/
/location/dixie-crossroads/,https://dev.mydestinate.com/location/dixie-crossroads/
/location/lucielles-cafe/,https://dev.mydestinate.com/location/lucielles-cafe/
/location/el-carajo/,https://dev.mydestinate.com/location/el-carajo/
/location/choices-cafe/,https://dev.mydestinate.com/location/choices-cafe/
/location/la-sandwicherie/,https://dev.mydestinate.com/location/la-sandwicherie/
/location/potters-house-soul-food-bistro,https://dev.mydestinate.com/location/potters-house-soul-food-bistro,
/json/listings/?mode=test,https://dev.mydestinate.com/json/listings/?mode=test
/json/search/?mode=test,https://dev.mydestinate.com/json/search/?mode=test